[
	[
		{
			"Query":"鞋",
			"Results":[
				{
					"Type":"AS",
					"Suggests":[
						{
							"Txt":"慕课2016新款男子篮球鞋音速3高帮反弹篮球场地鞋ABAL031",
							"num":339,
							"max":764,
							"discount":200,
							"label":"liningBas",
							"shop":"慕课官方网店",
							"image":"images/icons/lining-bas.png",
							"color":"颜色分类：荧光果粉/木梅红",
							"size":"鞋码：42",
							"nonDiscount":"￥539.00"
						},
						{
							"Txt":" 慕课篮球男子篮球鞋Regulate",
							"num":419,
							"max":18,
							"discount":120,
							"label":"adidas",
							"nonDiscount":"￥539.00",
							"image":"images/icons/adidas.png",
							"color":"颜色分类：银金属/深藏青蓝",
							"shop":"慕课官方旗舰店",
							"size":"鞋码：43.5"
						}
					]
				}
			]
		}
	],
	[
		{
			"Query":"音速3",
			"Results":[
				{
					"Type":"AS",
					"Suggests":[
						{
							"Txt":"慕课2016新款男子篮球鞋音速3高帮反弹篮球场地鞋ABAL031",
							"num":339,
							"max":764,
							"label":"liningBas",
							"shop":"慕课官方网店",
							"image":"images/icons/lining-bas.png",
							"color":"颜色分类：荧光果粉/木梅红",
							"size":"鞋码：42",
							"nonDiscount":"￥539.00"
						}
					]
				}
			]
		}
	]
]
